Title,Link,Publication Date,Source
Stock market today: Live updates - CNBC,,2024-05-23 17:46:00,https://www.cnbc.com
"Wall Street today: Nvidia shares rally around 12% after bumper earnings, Nasdaq jumps | Stock Market News - Mint",,2024-05-23 17:43:12,https://www.livemint.com
"Nvidia announces threefold sales increase in another blowout earnings report—'We're racing every day,' says CEO ... - Fortune",,2024-05-23 17:38:41,https://fortune.com
How Much More Room Does Nvidia's Stock Have To Rise? - Investopedia,,2024-05-23 17:13:15,https://www.investopedia.com
"Stock market today: Nasdaq, S&P 500 pop as Nvidia galvanizes stocks - Yahoo Finance",,2024-05-23 17:06:13,https://finance.yahoo.com
What Nvidia's 10-for-1 stock split means for investors—it's mostly psychological - CNBC,,2024-05-23 16:49:42,https://www.cnbc.com
"Nvidia stock reaches all-time high after strong earnings, share split - The Hill",,2024-05-23 16:47:00,https://thehill.com
Bonds Sink as Data Fuel Bets Fed in No Rush to Cut: Markets Wrap (Bloomberg) - Yahoo Finance,,2024-05-23 16:38:44,https://finance.yahoo.com
"Stock Market Reclaims Record Highs, Nvidia Tops $1,000 As AI-Driven Rally Resumes: Thursday's Top Movers - Yahoo Finance",,2024-05-23 16:07:03,https://finance.yahoo.com
Nvidia shares pop 10% to record high after forecast signals unwavering demand for AI chips - CNBC,,2024-05-23 16:06:54,https://www.cnbc.com
Is Nvidia Stock Still a Buy After It Just Popped Again? - The Motley Fool,,2024-05-23 16:04:52,https://www.fool.com
Magnificent Seven Stocks: Nvidia Stock Falls Ahead Of Earnings - Investor's Business Daily,,2024-05-23 15:57:00,https://www.investors.com
"Nvidia stock tops $1000 after strong earnings, 10-1 split announcement - Axios",,2024-05-23 15:33:12,https://www.axios.com
Nvidia Stock Split Alert: What a 10-for-1 NVDA Split Means for You - TradingView,,2024-05-23 15:30:58,https://www.tradingview.com
"Nvidia's stock market value is up $1 trillion in 2024. How it rose to AI prominence, by the numbers - The Associated Press",,2024-05-23 15:27:00,https://apnews.com
Stock Market Today: Dow lower; S&P 500 sees choppy trade after Nvidia-led jump - MarketWatch,,2024-05-23 15:27:00,https://www.marketwatch.com
"Wall Street mixed as Nvidia boosts Nasdaq, investors mull rate outlook - Yahoo Finance",,2024-05-23 15:17:33,https://finance.yahoo.com
"More tech stocks are set to benefit from Nvidia's gain, according to analysts. Here's a lineup - CNBC",,2024-05-23 15:16:47,https://www.cnbc.com
"Nvidia Chief Touts Auto Industry's AI Demand, Says Tesla 'Far Ahead' - Investor's Business Daily",,2024-05-23 15:14:00,https://www.investors.com
"Midday movers: Nvidia, Dell rise; Live Nation, Boeing fall - Investing.com",,2024-05-23 15:00:00,https://www.investing.com
"Nvidia Wows With Earnings, Stock Split and Dividend Hike - Kiplinger's Personal Finance",,2024-05-23 14:59:04,https://www.kiplinger.com
"Nvidia Stock Breaks Out On Jaw-Dropping Q1 Results, Outlook - Investor's Business Daily",,2024-05-23 14:56:00,https://www.investors.com
Nvidia Passes Test As Q1 Results Impress; Is It A Buy Now? - Investor's Business Daily,,2024-05-23 14:55:00,https://www.investors.com
Nvidia's revenue soars 262% on record AI chip demand - Financial Times,,2024-05-23 13:57:26,https://www.ft.com
Nvidia's blowout forecast adds fresh fuel to AI rally - Yahoo Finance,,2024-05-23 13:52:26,https://finance.yahoo.com
'Demand is just so strong': Nvidia CEO Jensen Huang tells Yahoo Finance supply can't keep up - Yahoo Finance,,2024-05-23 13:49:32,https://finance.yahoo.com
Analysts overhaul Nvidia stock price targets as earnings address key problem - TheStreet,,2024-05-23 13:40:09,https://www.thestreet.com
Stock Market Today: Indexes Pop After Nvidia's Blowout Earnings Report - Markets Insider,,2024-05-23 13:38:00,https://markets.businessinsider.com
What Nvidia's stock split means for retail investors - CNBC,,2024-05-23 13:30:52,https://www.cnbc.com
What's Going On With Nvidia Supplier Taiwan Semi Stock On Thursday? - Yahoo Finance,,2024-05-23 13:29:09,https://finance.yahoo.com
Nvidia Corp (NVDA): Best AI Stock To Buy According to Billionaire Steve Cohen? - Yahoo Finance,,2024-05-23 13:27:43,https://finance.yahoo.com
Nvidia Did It Again. Is the AI Stock a Buy After Another Round of Record Profits? - The Motley Fool,,2024-05-23 13:12:43,https://www.fool.com
NVDA: NVIDIA (NVDA) Earnings Are Out: Here's What to Do - StockNews.com,,2024-05-23 13:07:25,https://stocknews.com
Nvidia Stock Pops on Blockbuster Earnings Report and Stock Split Plan - The Motley Fool,,2024-05-23 13:01:39,https://www.fool.com
Nvidia's record earnings and stock split shake up AI crypto market - crypto.news,,2024-05-23 12:20:23,https://crypto.news
"Dow Jones Futures Rise; Nvidia Stock Tops 1,000 On Earnings, Other AI Plays Rally - Investor's Business Daily",,2024-05-23 12:12:00,https://www.investors.com
"Nvidia stock: 10 Wall Street analysts discuss earnings, outlook - Investing.com",,2024-05-23 11:28:47,https://www.investing.com
"Nvidia stock pops 9%, tops $1,000 after earnings beat forecasts, announces stock split and dividend hike - Yahoo Finance",,2024-05-23 10:53:34,https://finance.yahoo.com
"Forget Nvidia: 2 Super Semiconductor Stocks to Buy Right Now, According to Wall Street - Yahoo Finance",,2024-05-23 09:40:00,https://finance.yahoo.com
Nvidia shares rise more than 9% following latest revenue surge - Investing.com,,2024-05-23 09:01:00,https://www.investing.com
"Nvidia stock pops 7% to top $1,000 after earnings beat forecasts, it announces stock split and dividend hike - Yahoo Finance",,2024-05-23 08:24:31,https://finance.yahoo.com
U.S. stocks mainly rise; tech sector leads the way on Nvidia eheer - Investing.com,,2024-05-23 07:41:15,https://www.investing.com
"Nvidia forecasts quarterly revenue above estimates, unveils stock split - Reuters",,2024-05-23 05:33:00,https://www.reuters.com
Asian stocks sink as US-China trade jitters offset Nvidia tech boost - Investing.com,,2024-05-23 03:11:15,https://www.investing.com
Where is Nvidia Stock Price Headed After Post-Earnings Pop? - Investopedia,,2024-05-23 02:03:42,https://www.investopedia.com
"Nvidia earnings: Profit soars, underscoring its dominance in chips for AI - The Associated Press",,2024-05-23 01:58:00,https://apnews.com
Nvidia crushes sky-high expectations and charts continued AI-driven dominance for years to come - CNBC,,2024-05-23 00:42:00,https://www.cnbc.com
Nvidia earnings: Stock gains as Nvidia's outlook impresses yet again - MarketWatch,,2024-05-23 00:01:00,https://www.marketwatch.com
4 Key Takeaways From Nvidia's Earnings Call - Investopedia,,2024-05-22 23:41:48,https://www.investopedia.com
Nvidia announces 10-to-1 stock split: Here's everything to know - USA TODAY,,2024-05-22 23:18:52,https://www.usatoday.com
Nvidia's stock surges following latest earnings report - TheStreet,,2024-05-22 23:14:44,https://www.thestreet.com
Nvidia Stock Jumps To Record High On Q1 Earnings - Investor's Business Daily,,2024-05-22 22:49:00,https://www.investors.com
Nvidia Announces a 10-for-1 Stock Split. Here's What Investors Need to Know. - The Motley Fool,,2024-05-22 22:48:01,https://www.fool.com
Stocks fall after Fed minutes; Nvidia shares climb after the bell - Reuters,,2024-05-22 22:20:00,https://www.reuters.com
Nvidia's strong forecast lifts shares of AI chipmakers - Investing.com,,2024-05-22 21:41:11,https://www.investing.com
"Nvidia tops $1000 a share in afterhours trading on strong outlook, stock split - Investing.com",,2024-05-22 21:22:30,https://www.investing.com
Nvidia Earnings Top Expectations As Sales Soar Amid Booming AI Demand - Investopedia,,2024-05-22 21:15:50,https://www.investopedia.com
Nvidia’s incredibly pricey shares are about to get much cheaper - CNN,,2024-05-22 21:14:00,https://www.cnn.com
"Nvidia announces stock split, posts Q1 earnings beat - Yahoo Finance",,2024-05-22 21:04:44,https://finance.yahoo.com
"Stocks making the biggest moves after hours: NVDA, SNOW, VFC - CNBC",,2024-05-22 21:02:09,https://www.cnbc.com
"Nvidia Stock Price Jumps After Big Earnings Beat, 10-for-1 Stock Split - Markets Insider",,2024-05-22 20:49:00,https://markets.businessinsider.com
"Nvidia, Powered by A.I. Boom, Reports Soaring Revenue and Profits - The New York Times",,2024-05-22 20:40:38,https://www.nytimes.com
Nvidia teases a new chip as its stock clears $1000 for the first time - Quartz,,2024-05-22 20:27:00,https://qz.com
NVIDIA Announces Financial Results for First Quarter Fiscal 2025 - NVIDIA Blog,,2024-05-22 20:26:34,https://nvidianews.nvidia.com
"NVIDIA earnings beat by $0.53, revenue topped estimates By Investing.com - Investing.com",,2024-05-22 20:25:58,https://www.investing.com
"Nvidia Earnings: Stock Rallies As AI Giant Reports 600% Profit Explosion, Stock Split - Forbes",,2024-05-22 20:23:39,https://www.forbes.com
Nvidia announces 10-for-1 stock split after AI-driven boom in share price - CNBC,,2024-05-22 20:23:10,https://www.cnbc.com
Nvidia stock retreats from record high ahead of crucial first quarter earnings report - Yahoo Finance,,2024-05-22 20:22:49,https://finance.yahoo.com
"Nvidia Gives Strong Forecast, Reflecting Sustained AI Momentum - Bloomberg",,2024-05-22 20:22:19,https://www.bloomberg.com
NVIDIA Announces Financial Results for First Quarter Fiscal 2025 - Yahoo Finance,,2024-05-22 20:20:00,https://finance.yahoo.com
Dow Jones Today: Stocks Slip as Fed Minutes Spook Investors Ahead of Nvidia Earnings - Investopedia,,2024-05-22 20:15:05,https://www.investopedia.com
Stock Market Today: Indexes Slide As Traders Brace for Nvidia Earnings - Markets Insider,,2024-05-22 20:06:00,https://markets.businessinsider.com
How an Earnings-Fueled Move in Nvidia's Stock Price Could Affect the Broader Market - Investopedia,,2024-05-22 18:13:05,https://www.investopedia.com
The key levels to watch on Nvidia's stock chart with its big earnings report almost here - CNBC,,2024-05-22 17:11:16,https://www.cnbc.com
"Nvidia shares pass $1,000 for first time on AI-driven sales surge - CNBC",,2024-05-22 16:00:01,https://www.cnbc.com
3 Reasons to Buy Nvidia Stock Right Now (and 1 Reason to Sell) - The Motley Fool,,2024-05-22 11:00:00,https://www.fool.com
Nvidia stock hinges on 5 key things in its earnings report - TheStreet,,2024-05-22 10:09:18,https://www.thestreet.com
"When Nvidia beats estimates, these 6 AI stocks tend to rise - CNBC",,2024-05-21 23:32:53,https://www.cnbc.com
"Nvidia Stock, Semiconductor Stocks Moving On News - Investor's Business Daily",,2024-05-21 22:12:00,https://www.investors.com
Options Action: Nvidia options pricing unprecedented market cap move on earnings - CNBC,,2024-05-21 22:05:00,https://www.cnbc.com
Nvidia Stock Hits Record High Ahead Of Blockbuster Earnings - Forbes,,2024-05-21 20:09:00,https://www.forbes.com
Nvidia Stock Just Got Spectacular News From Super Micro and Dell Technologies - The Motley Fool,,2024-05-21 15:59:08,https://www.fool.com
Amazon changes plans to order Nvidia 'superchip' to await updated model - Financial Times,,2024-05-21 13:39:33,https://www.ft.com
Nvidia is talk of the town at AI events leading into this week’s earnings - CNBC,,2024-05-21 12:30:01,https://www.cnbc.com
Here's Why Nvidia Stock Could Sustain Its Stunning Bull Run After May 22 - The Motley Fool,,2024-05-21 08:25:00,https://www.fool.com
Nvidia Stock Near Buy Point Ahead Of Q1 Report - Investor's Business Daily,,2024-05-20 21:25:00,https://www.investors.com
Investors Expect the Best From Nvidia Earnings—What That Could Mean for the Stock - Investopedia,,2024-05-20 17:43:24,https://www.investopedia.com
History Says an Nvidia Stock-Split Announcement Might Be Coming on May 22 - The Motley Fool,,2024-05-20 14:30:51,https://www.fool.com
Nvidia’s stock is a bargain — provided this pattern continues - MarketWatch,,2024-05-20 14:16:00,https://www.marketwatch.com
Markets brace for Nvidia earnings: What to know this week - Yahoo Finance,,2024-05-20 13:00:17,https://finance.yahoo.com
Several Wall Street brokers raise price targets on Nvidia stock into earnings - Investing.com,,2024-05-20 10:47:37,https://www.investing.com
Stock Split Watch: Is Nvidia Next? - The Motley Fool,,2024-05-20 10:45:00,https://www.fool.com
Why Is Nvidia's Stock Price So High? - The Motley Fool,,2024-05-19 09:00:00,https://www.fool.com
